{
    "$schema": "https://schema.management.azure.com/schemas/2015-01-01/deploymentParameters.json#",
    "contentVersion": "1.0.0.0",
    "parameters": {
        "location": {
            "value": "northeurope"
        },
        "networkInterfaceName": {
            "value": "table3vkallvmchne972"
        },
        "networkSecurityGroupName": {
            "value": "table3vkallvmchne-nsg"
        },
        "networkSecurityGroupRules": {
            "value": [
                {
                    "name": "SSH",
                    "properties": {
                        "priority": 300,
                        "protocol": "TCP",
                        "access": "Allow",
                        "direction": "Inbound",
                        "sourceAddressPrefix": "*",
                        "sourcePortRange": "*",
                        "destinationAddressPrefix": "*",
                        "destinationPortRange": "22"
                    }
                }
            ]
        },
        "virtualNetworkId": {
            "value": "/subscriptions/0ab9ad2e-f316-4da5-b243-e7f65da24755/resourceGroups/table3vkallrgroup/providers/Microsoft.Network/virtualNetworks/table3vkallrgroup-vnet"
        },
        "subnetName": {
            "value": "default"
        },
        "publicIpAddressName": {
            "value": "table3vkallvmchne-ip"
        },
        "publicIpAddressType": {
            "value": "Dynamic"
        },
        "publicIpAddressSku": {
            "value": "Basic"
        },
        "virtualMachineName": {
            "value": "table3vkallvmchne"
        },
        "virtualMachineRG": {
            "value": "table3vkallrgroup"
        },
        "osDiskType": {
            "value": "Premium_LRS"
        },
        "virtualMachineSize": {
            "value": "Standard_D2s_v3"
        },
        "adminUsername": {
            "value": "azureops"
        },
        "adminPublicKey": {
            "value": null
        },
        "diagnosticsStorageAccountName": {
            "value": "table3vkallrgroupdiag"
        },
        "diagnosticsStorageAccountId": {
            "value": "/subscriptions/0ab9ad2e-f316-4da5-b243-e7f65da24755/resourceGroups/table3vkallrgroup/providers/Microsoft.Storage/storageAccounts/table3vkallrgroupdiag"
        }
    }
}